Commune; Adopté en; Valable jusqu'en;Impôt rentrée argent; Impôt spécial affecté; Pour-cent total; Immeubles; Constr. non immatric. registre foncier; Impôt personnel fixe; Ventes, cessions, etc.; Ligne directe ascendante; Ligne directe descendante; Ligne collatérale; Entre non-parents; Impôt compl. s/immeubles soc. et fond.; * Chiens; * Impôt sur les divertissements
;;;;;;;;;;;;;;;;
;;;;;;;;;;;;;;;;
DISTRICT D'AIGLE;;;;;;;;;;;;;;;;
Aigle;2021;2026;66; - ;66;1.2;0.5;-;50;50;50;100;100;50;100;5
Bex;2024;2026;71; - ;71;1.25;0.5; - ;50;50;50;100;100;50;100; -   
Chessel;2025;2026;65; - ;65;1;0.5; - ;50;-;-;50;100;50;100; -   
Corbeyrier;2025;2026;74; - ;74;1.5;0.5;-;50;50;50;100;100;50;100;5
Gryon;2025;2026;73.5; - ;73.5;1.5;0.5;-;50;-;-;50;100;50;100; -   
Lavey-Morcles;2025;2026;71.5; - ;71.5;1.3;0.5;-;50;50;50;100;100;50;100;75 cts
Leysin;2025;2026;78; - ;78;1.5;0.5;-;50;50;-;100;100;50;100;15
Noville;2025;2026;75; - ;75;1.5;0.5;-;50;-;-;50;100;50;100; -   
Ollon;2025;2026;68; - ;68;1.3;0.5;-;50;-;-;100;100;50;100; -   
Ormont-Dessous;2024;2026;74.9;2.1;77;1.5;0.5;-;50;50;50;100;100;50;100; -   
Ormont-Dessus;2025;2026;73;3;76;1.5;0.5;-;50;50;-;100;100;50;100; -   
Rennaz;2025;2027;64; -   ;64;1;0.5; - ;50;50; - ;50;100;50;100;10
Roche;2025;2026;66.5; - ;66.5;1.2;0.5;-;50;50;50;100;100;50;150; -   
Villeneuve;2025;2026;66.5; - ;66.5;1;0.5;-;50;50;-;100;100;50;115; -   
Yvorne;2025;2026;71.5; - ;71.5;1.5;0.5;-;50;50;50;100;100;50;100; -   
;;;;;;;;;;;;;;;;
DISTRICT DE LA BROYE-VULLY;;;;;;;;;;;;;;;;
Avenches;2025;2026;65; - ;65;0.75;0.5;-;50;100;-;100;100;50;100; -   
Bussy-sur-Moudon;2025;2026;78.5; -   ;78.5;1;0.5;10;50;50;50;100;100;50;60;10
Champtauroz;2025;2026;77; -   ;77;0.8;0.5; - ;50; - ; - ;100;100;50;40; -   
Chavannes-sur-Moudon;2025;2026;70; -   ;70;1; -   ; - ;50; - ; - ; - ; - ;50;60; -   
Chevroux;2025;2026;68.5; - ;68.5;1.2;0.5;-;50;50;50;100;100;-;1.0p/Fr;10
Corcelles-le-Jorat;2025;2027;75; - ;75;1;0.5;-;50;40;20;100;100;50;40;10
Corcelles-près-Payerne;2025;2026;65; - ;65;0.7; - ;-;50;50;50;100;100;50;60;10
Cudrefin;2025;2026;59; - ;59;1.5;0.5;-;50;100;100;100;100;50;100;10
Curtilles;2025;2026;71; -   ;71;0.5;0.5; - ;50; - ; - ;60;100;50; 1.0p/Fr ; -   
Dompierre;2024;2026;78; - ;78;1;0.5;10;50;50;-;-;100;50;90; -   
Faoug;2025;2026;65; - ;65;1.5;0.5;-;50;80;80;100;100;50;1.0p/Fr; -   
Grandcour;2025;2026;72; - ;72;1;0.5;10;50;-;-;100;100;50;60; -   
Henniez;2025;2026;69; - ;69;1;0.5;-;50;-;-;-;-;30;40; -   
Hermenches;2025;2026;78; - ;78;0.6;0.5;10;50;-;-;90;100;50;100;10
Lovatens;2023;2026;75; - ;75;0.7;0.5;-;50;50;-;100;100;50;60; 100 cts 
Lucens;2025;2027;69.5; - ;69.5;1.1;0.5;-;50;50;50;100;100;50;100;10
Missy;2025;2026;69; - ;69;1; - ;10;50;50;-;100;100;50;100; - 
Moudon;2025;2026;72.5; - ;72.5;1;0.5;10;50;50;50;100;100;50;120;10
Payerne;2022;2026;70; - ;70;1;0.5;-;50;100;-;100;100;50;50;10
Prévonloup;2025;2026;72.5; - ;72.5;1; - ;-;50;-;-;50;100;50;50; - 
Ropraz;2024;2026;77.5; - ;77.5;1;0.5;-;50;50;50;100;100;50;60;10
Rossenges;2025;2026;65; -   ;65;0.8;0.5; - ;50; - ; - ;50;50;50; - ; -   
Syens;2024;2026;65; -   ;65;1;0.5; - ;50; - ; - ;100;100;50;100; -   
Trey;2025;2026;78; - ;78;1; - ;10;50;50;-;100;100;50;50; -   
Treytorrens;2025;2026;81.5; -   ;81.5;1.5; - ; - ;50;50;50;100;100; - ;30;10
Valbroye;2025;2026;70.5; - ;70.5;0.6; - ;-;50;50;50;100;100;50;0.5p/Fr; -   
Villars-le-Comte;2024;2026;68; -   ;68;1;0.5;10;50;30;30;100;100;50; 0.5p/Fr ; -   
Villarzel;2024;2026;75; - ;75;1; - ;-;50;-;-;100;100;50;60; -   
Vucherens;2025;2026;75; - ;75;1;0.5;-;50;50;-;100;100;50;1.0p/Fr; -   
Vulliens;2025;2026;74; - ;74;1;0.5;-;50;80;60;100;100;-;100;10
Vully-les-Lacs;2025;2027;67; - ;67;1.5;0.5;-;50;50;-;100;100;50;100; -   
;;;;;;;;;;;;;;;;
DISTRICT DU GROS-DE VAUD;;;;;;;;;;;;;;;;
Assens;2025;2026;70; -   ;70;1; - ; - ;50; - ; - ;100;100;50;150; -   
Bercher;2025;2026;79; - ;79;1; - ;-;50;50;50;100;100;50;100;10
Bettens;2025;2026;70; - ;70;0.9; - ;-;50;-;-;100;100;50;100; -   
Bottens;2024;2026;72.5; -   ;72.5;1; - ; - ;50;50;50;100;100;50;100; -   
Boulens;2025;2026;71.5; -   ;71.5;1; - ; - ;50;50; - ;50;100;50;200; -   
Bournens;2025;2026;65; - ;65;1;0.5;-;50;-;-;-;100;50;60; -   
Boussens;2025;2027;64; - ;64;1;0.5;-;50;-;-;100;100;50;80; -   
Bretigny-sur-Morrens;2025;2026;76; - ;76;1; - ;-;50;-;-;100;100;50;100; -   
Cugy (VD);2024;2026;76; - ;76;1.2;0.5;-;50;-;-;100;100;50;100; -   
Daillens;2024;2026;66; -   ;66;1.2;0.5; - ;50; - ; - ;100;100;50; 1.0p/Fr ;5
Echallens;2023;2026;72.5; -   ;72.5;1;0.5; - ;50;50;50;100;100;50;70; -   
Essertines-sur-Yverdon;2025;2026;72; - ;72;1; - ;-;50;50;50;100;100;50;100; -   
Etagnières;2025;2026;73; - ;73;1;0.5;-;50;-;-;50;100;50;100; -   
Fey;2025;2026;75; -   ;75;1; - ; - ;50; - ; - ;100;100;50;75; -   
Froideville;2025;2026;72; - ;72;1.25;0.5;-;50;-;-;100;100;50;75; -   
Goumoëns;2025;2026;75.5; - ;75.5;1; - ;-;50;20;20;50;100;50;100; -   
Jorat-Menthue;2025;2026;70.5; - ;70.5;1;0.5;-;50;50;50;100;100;50;150; -   
Lussery-Villars;2025;2026;75; - ;75;1;0.5;-;50;30;30;50;100;50;60; -   
Mex;2025;2026;59.5; -   ;59.5;1;0.5; - ;50;50; - ;50;100;50;60; -   
Montanaire;2024;2026;70; - ;70;1; - ;-;50;-;-;100;100;50;100; -   
Montilliez;2025;2026;72.5; - ;72.5;0.8; - ;-;50;20;20;100;100;50;1.0p/Fr; -   
Morrens;2025;2026;74; - ;74;1;0.5;-;50;-;-;100;100;50;100; -   
Ogens;2025;2026;76; -   ;76;1.5; - ; - ;50;50;50;100;100;50; 0.5p/Fr ; -   
Oppens;2025;2027;79; -   ;79;1; - ; - ;50;30;30;50;100; - ;90;10
Oulens-sous-Echallens;2025;2026;71; - ;71;1;0.5;-;50;-;-;100;100;50;120; -   
Pailly;2025;2026;76; -   ;76;1.2; - ; - ;50;50;50;100;100;50;60; -   
Penthalaz;2025;2026;72.5; - ;72.5;1;0.5;-;50;60;60;100;100;50;60; -   
Penthaz;2025;2026;69.5; -   ;69.5;1;0.5; - ;50;70;50;70;100;50; 1.0p/Fr ; -   
Penthéréaz;2025;2026;74; -   ;74;1; - ; - ;50; - ; - ; - ; - ;50; 1.0p/Fr ; -   
Poliez-Pittet;2025;2026;73; - ;73;1; - ;-;50;50;50;100;100;50;100;5
Rueyres;2024;2026;73; -   ;73;1;0.5; - ;50; - ; - ;100;100;50;100; -   
Saint-Barthélemy (VD);2025;2026;77; - ;77;1.5; - ;-;50;30;30;30;100;50;150; -   
Sullens;2021;2026;64; - ;64;1;0.5;-;50;50;50;100;100;-;50; -   
Villars-le-Terroir;2025;2026;76; - ;76;1;0.5;10;50;10;10;100;100;50;130; -   
Vuarrens;2025;2026;73.5; -   ;73.5;0.8; - ; - ;50;30;30;100;100;50;100; -   
Vufflens-la-Ville;2025;2026;63;2;65;1.2;0.5;-;50;50;50;100;100;50;0.80p/Fr;10
;;;;;;;;;;;;;;;;
DISTRICT DU JURA-NORD VAUDOIS;;;;;;;;;;;;;;;;
Agiez;2021;2026;76; - ;76;0.5;0.5;-;50;30;30;80;100;50;0.80p/Fr; -   
Arnex-sur-Orbe;2025;2026;71; -   ;71;0.8; - ; - ;50;100;100;100;100; - ;70; -   
Ballaigues;2025;2026;65; - ;65;1;0.5;-;50;50;50;100;100;-;50; -   
Baulmes;2025;2026;76.5; - ;76.5;1; - ;-;50;100;100;100;100;-;50; -   
Bavois;2025;2026;72; - ;72;1.2;0.5;-;50;100;50;100;100;50;90;10
Belmont-sur-Yverdon;2025;2026;70; - ;70;1; - ;-;50;50;50;100;100;-;60; -   
Bioley-Magnoux;2025;2026;72; -   ;72;0.7; - ; - ;50;50;30;100;100; - ;80; 20 cts 
Bofflens;2025;2026;69; - ;69;1; - ;-;50;40;40;70;100;-;40; -   
Bonvillars;2025;2026;67; -   ;67;1; - ; - ;50; - ; - ;60;100;40;100; -   
Bretonnières;2024;2026;69; -   ;69;0.6;0.5;10;50; - ; - ;80;100; - ;50; -   
Bullet;2025;2026;75; - ;75;1;0.5;-;50;80;80;90;100;50;1.0p/Fr;10
Chamblon;2025;2026;66; - ;66;1; - ;-;50;40;-;100;100;50;1.0p/Fr;10
Champagne;2025;2026;65; - ;65;1;0.5;-;50;90;90;90;100;50;100;10
Champvent;2025;2026;70; - ;70;1; -   ;0;50;100;100;100;100;30;30; -   
Chavannes-le-Chêne;2025;2027;75; -   ;75;1; - ;10;50;50;50;100;100;50;60; -   
Chavornay;2024;2026;70.5; -   ;70.5;1;0.5; - ;50;100; - ;100;100;50;80; -   
Chêne-Pâquier;2025;2027;75; -   ;75;1; - ; - ;50;100;100;100;100;50;66; -   
Cheseaux-Noréaz;2025;2026;67; -   ;67;1;0.5; - ;50;100;100;100;100;50;20;10
Concise;2025;2026;68; - ;68;1;0.5;-;50;100;100;100;100;50;75; -   
Corcelles-près-Concise;2025;2026;69;-;69;1;0.5; - ;50;40;40;100;100;30;60; -   
Cronay;2025;2026;75; -   ;75;1; - ;10;50;20;20;50;100; - ;100; -   
Croy;2021;2026;74; -   ;74;0.7; - ; - ;50;20;20;100;100;30; 1.0p/Fr ; -   
Cuarny;2025;2027;73; -   ;73;1;0.5;10;50;50;50;100;100;50;50; -   
Démoret;2024;2026;78; - ;78;1; - ;10;50;30;30;100;100;-;100; -   
Donneloye;2025;2026;73; -   ;73;1;0.5; - ;50;30;30;50;100;50;70; -   
Ependes;2025;2026;73.5; -   ;73.5;1; - ;10;50;20;20;100;100;50;40;10
Fiez;2025;2026;69; -   ;69;1.2;0.5;10;50;40;40;70;100;50;70; -   
Fontaines-sur-Grandson;2025;2026;72; -   ;72;1; - ;10;50;50;50;100;100;50;30; -   
Giez;2025;2026;69; - ;69;1;0.5;-;50;40;40;100;100;50;40; -   
Grandevent;2025;2026;71; -   ;71;1; - ; - ;50;30;30;50;75; - ;50;5
Grandson;2025;2026;69; -   ;69;1;0.5;0;50;100;100;100;100;50;100; -   
Juriens;2024;2026;79; - ;79;1; - ; - ;50;100;100;100;100;50;80; -   
La Praz;2021;2026;83; - ;83;1;0.5;-;50;50;50;95;95;-;40; -   
L'Abbaye;2022;2026;76; - ;76;1;0.5;-;50;100;50;70;100;25;100; -   
Les Bioux (fraction) **;2023;2025;3;-;3;;;;;;;;;;;
L'Abergement;2025;2026;80; -   ;80;1.2;0.5;10;50;50;50;100;100; - ;40; -   
Le Chenit;2025;2026;58.5; -   ;58.5;1;0.5; - ;50;100;100;100;100;50; 1.0p/Fr ; -   
Le Brassus (fraction);2024;2026;8;-;8;;;;;;;;;;;
Le Sentier (fraction) **;2023;2025;8;-;8;;;;;;;;;;;
L'Orient (fraction);2021;2026;10;-;10;;;;;;;;;;;
Le Lieu;2022;2026;70; -   ;70;0.8;0.5; - ;50; - ; - ;100;100; - ; 1.0p/Fr ; -   
Les Clées;2024;2027;80; - ;80;0.6;0.5;10;50;-;-;100;100;50;60; -   
Lignerolle;2024;2026;78.5; -   ;78.5;0.7;0.5;10;50; - ; - ;100;100;50; 1.0p/Fr ; -   
Mathod;2025;2026;72; -   ;72;1.2; - ;10;50;100;100;100;100;50;100; -   
Mauborget;2025;2026;70; -   ;70;1.2; -   ;10;50;50;50;100;100;50;50; -   
Molondin;2025;2026;81; -   ;81;1; - ; - ;50;100;100;100;100; - ;45;10
Montagny-près-Yverdon;2025;2026;64.5; - ;64.5;0.8;0.5;-;50;70;-;80;100;50;40; -   
Montcherand;2021;2026;72;-;72;1;0.5; - ;50;-;-;100;100;50;50; -   
Mutrux;2025;2026;80; -   ;80;1;0.5;6;50;50;50;100;100; - ;25; -   
Novalles;2025;2026;76; -   ;76;0.8;0.5; - ;50;40;40;100;100; - ;20; -   
Onnens;2025;2026;65; - ;65;1;0.5;-;50;50;-;50;100;50;60; -   
Orbe;2024;2026;75.5; -   ;75.5;1; - ; - ;50;100; - ;100;100;50;100; -   
Orges;2025;2026;74; - ;74;1;0.5;-;50;-;-;100;100;-;100; -   
Orzens**;2022;2024;79; - ;79;1;0.5;10;50;100;100;100;100;-;0.80p/Fr; - 
Pomy;2022;2026;71; - ;71;1; - ;-;50;100;100;100;100;-;1.0p/Fr; -   
Premier;2021;2026;79.5; -   ;79.5;1;0.5; - ;50; - ; - ;100;100;50;50; -   
Provence;2025;2026;81; -   ;81;1.5;0.5;10;50;100;100;100;100;50;40; -   
Rances;2025;2026;76.5; -   ;76.5;1; -   ;0;50;30;30;100;100;0;0.65p/Fr; -   
Romainmôtier-Envy;2025;2026;81; -   ;81;1.1; -   ;0;50;80;80;100;100;50;0.72p/Fr;10
Rovray;2024;2026;73; - ;73;1; - ; - ;50;30;30;40;100;-;60;10
Sainte-Croix;2024;2027;70; - ;70;1; - ; - ;50;100;100;100;100;50;75;10
Sergey;2025;2026;76; -   ;76;1;0.5; - ;50;50;50;80;100;50; 1.0p/Fr ; -   
Suchy;2025;2026;70; -   ;70;0.8; - ; - ;50; - ; - ;100;100; - ;60; -   
Suscévaz;2025;2026;72; -   ;72;1;0.5;10;50;100;100;100;100;50;60; -   
Tévenon;2025;2026;71.5; -   ;71.5;1.2;0.5; - ;50;50;50;100;100;50;100; -   
Treycovagnes;2025;2027;73; -   ;73;1;0.5; - ;50;50;50;100;100;50; 1.0p/Fr ;5
Ursins;2025;2026;75; -   ;75;1; - ;10;50;50;50;100;100;50;100; -   
Valeyres-sous-Montagny;2025;2026;70.5; -   ;70.5;1; - ; - ;50;70;100;100;100;50;80; -   
Valeyres-sous-Rances;2025;2026;71; - ;71;1; - ;10;50;-;-;-;100;50;1.0p/Fr; -   
Valeyres-sous-Ursins;2025;2026;77; -   ;77;1; - ;10;50;50;50;100;100;50;60; -   
Vallorbe;2024;2026;70; - ;70;1;0.5;-;50;100;100;100;100;50;75; -   
Vaulion;2025;2026;81; - ;81;0.5; - ;-;50;50;50;50;100;-;60; -   
Villars-Epeney;2025;2026;72; -   ;72;1;0.5;0;50;50;50;100;100;0;20; -   
Vugelles-La Mothe;2025;2026;70; - ;70;0.7; - ;-;50;50;50;50;100;-;50; -   
Vuiteboeuf;2025;2026;75; - ;75;0.7; - ;10;50;-;-;80;100;50;40; -   
Yverdon-les-Bains;2025;2026;75; -   ;75;1.5;0.5;0;50;100;100;100;100;50;70; -   
Yvonand;2024;2026;73; - ;73;1;0.5;-;50;90;90;100;100;50;1.0p/Fr;10
;;;;;;;;;;;;;;;;
DISTRICT DE LAUSANNE;;;;;;;;;;;;;;;;
Cheseaux-sur-Lausanne;2025;2027;73; - ;73;1;0.5;-;50;50;50;100;100;50;100; -   
Epalinges;2025;2026;64.5; - ;64.5;1;0.5;-;50;50;50;100;100;50;80; -   
Jouxtens-Mézery;2025;2026;59; - ;59;1.5;0.5;-;50;50;-;50;50;50;0.60p/Fr; -   
Lausanne;2024;2029;78.5; -   ;78.5;1.5;0.5; - ;50;100;100;100;100;50;90;14
Le Mont-sur-Lausanne;2025;2026;72; - ;72;1.2;0.5;-;50;-;-;100;100;50;100; -   
Romanel-sur-Lausanne;2025;2027;70.5; - ;70.5;1.25;0.5;-;50;100;-;100;100;50;150; -   
;;;;;;;;;;;;;;;;
DISTRICT DE LAVAUX-ORON;;;;;;;;;;;;;;;;
Belmont-sur-Lausanne;2021;2026;72; - ;72;1.5;0.5;-;50;100;50;100;100;50;100;5
Bourg-en-Lavaux;2024;2026;62.5; - ;62.5;1.5;0.5;-;50;100;-;100;100;50;100; -   
Chexbres;2025;2027;67.5; - ;67.5;1;0.5;-;50;100;-;100;100;50;75; -   
Forel (Lavaux);2024;2026;69; -   ;69;1;0.5; - ;50;100; - ;100;100;50;100;10
Jorat-Mézières;2025;2026;71; -   ;71;1; - ; - ;50;50;50;100;100;50;60;10
Lutry;2025;2027;54; - ;54;0.7;0.5;-;50;-;-;100;100;50;100; -   
Maracon;2025;2026;74.5; - ;74.5;1;0.5;-;50;-;-;100;100;50;100; -   
Montpreveyres;2025;2026;74.5; - ;74.5;1;0.5;-;50;100;100;100;100;50;80; -   
Oron;2025;2027;69; -   ;69;1.1;0.5; - ;50; - ; - ;100;100;50; 1.0p/Fr ;12
Paudex;2025;2026;66.5; - ;66.5;0.7;0.5;-;50;-;-;100;100;50;100; -   
Puidoux;2025;2026;68.5; - ;68.5;1.15;0.5;-;50;-;-;100;100;50;100; -   
Pully;2025;2026;61; - ;61;0.7;0.5;-;50;50;-;100;100;50;100; -   
Rivaz;2025;2026;62; -   ;62;1;0.5; - ;50; - ; - ; - ;100;50;100; -   
Savigny;2025;2027;69; - ;69;1.2;0.5;-;50;100;100;100;100;50;70;15
Servion;2025;2026;69; -   ;69;1;0.5; - ;50; - ; - ;100;100;50; 0.8p/Fr ;5
St-Saphorin (Lavaux);2025;2026;74; - ;74;1.2;0.5;-;50;100;60;100;100;50;150; -   
;;;;;;;;;;;;;;;;
DISTRICT DE MORGES;;;;;;;;;;;;;;;;
Aclens;2025;2026;60; - ;60;1.1;0.5;-;50;50;50;100;100;50;80;10
Allaman;2023;2026;65; - ;65;1.2; - ; - ;50;50;50;100;100;50;50; 50 cts 
Aubonne;2025;2026;67;1;68;1;0.5;-;50;50;50;100;100;50;100; -   
Ballens;2024;2026;73; - ;73;0.5;0.5;-;50;-;-;100;100;50;0.75p/Fr; -   
Berolle;2025;2026;75.5; -   ;75.5;1; - ; - ;50;50;50;100;100;50; 0.5p/Fr ; -   
Bière;2025;2026;69; - ;69;0.58; - ;-;50;50;50;100;100;50;100;10
Bougy-Villars;2025;2026;62; - ;62;1.2; - ;-;50;50;50;100;100;50;80; -   
Bremblens;2025;2026;68; -   ;68;1;0.5; - ;50; - ; - ;100;100;50;40; -   
Buchillon;2025;2026;52; - ;52;1;0.5;-;50;100;-;100;100;50;100; -   
Chavannes-le-Veyron;2024;2026;77; - ;77;1;0.5;-;50;50;-;75;100;-;30; -   
Chevilly;2025;2026;70; -   ;70;1; - ; - ;50;100;100;100;100; - ; 1.0p/Fr ; -   
Chigny;2024;2026;62; -   ;62;1;0.5; - ;50;50; - ;30;100;50; - ; -   
Clarmont;2025;2026;72; - ;72;1;0.5;-;50;50;50;50;100;50;50; -   
Cossonay;2025;2026;66; - ;66;1;0.5;-;50;100;50;100;100;50;1.0p/Fr; -   
Cuarnens;2025;2026;76; - ;76;1;0.5;-;50;50;50;100;100;50;80; -   
Denens;2025;2026;63; - ;63;1;0.5;-;50;-;-;100;100;50;50; -   
Denges;2024;2026;62; - ;62;1;0.5;-;50;100;100;100;100;50;50; -   
Dizy;2021;2026;75; - ;75;1; - ;-;50;-;-;100;100;-;50; -   
Echandens;2025;2026;60.5; - ;60.5;1;0.5;-;50;-;-;50;100;50;60; -   
Echichens;2025;2026;66; - ;66;1;0.5;-;50;100;-;100;100;50;50; -   
Eclépens;2024;2026;46; -   ;46;1;0.5; - ;30;40; - ;50;50;50;150; -   
Etoy;2025;2026;60; - ;60;1; - ;-;50;50;-;100;100;50;50;10
Féchy;2025;2026;64; -   ;64;1.3;0.5; - ;50; - ; - ;50;100;50;60; -   
Ferreyres;2024;2027;76; - ;76;1;0.5;-;50;-;-;-;-;50;60; -   
Gimel;2025;2026;73; - ;73;1.2;0.5;-;50;50;50;100;100;50;100;10
Gollion;2025;2026;74; -   ;74;1;0.5; - ;50;50;50;100;100;50;100;10
Grancy;2021;2026;70; -   ;70;1;0.5; - ;50;100;100;100;100;50;70; -   
Hautemorges ;2025;2026;68; - ;68;1;0.5;-;50;-;-;100;100;50;70; -   
La Chaux (Cossonay);2025;2026;76; - ;76;1.2;0.5;-;50;50;50;100;100;50;50;10
La Sarraz;2025;2026;70; -   ;70;1;0.5; - ;50;50; - ;100;100;50;100; -   
Lavigny;2025;2026;73; - ;73;1.5;0.5;-;50;50;50;100;100;50;80; -   
L'Isle;2025;2026;75; - ;75;1;0.5;-;50;100;100;100;100;50;100; -   
Lonay;2025;2026;55; - ;55;1;0.5;-;50;100;100;100;100;50;100; -   
Lully;2025;2026;58; - ;58;1.25;0.5;-;50;100;50;100;100;50;70; -   
Lussy-sur-Morges;2025;2026;61.5; -   ;61.5;1;0.5; - ;50;50;50;50;100;50; 1.0p/Fr ; -   
Mauraz;2024;2026;75; - ;75;1;0.5; - ;50;50;50;100;100;-;20; -   
Moiry;2025;2026;76; -   ;76;1;0.5; - ;50;100;100;100;100; - ;40; -   
Mollens;2025;2026;74; - ;74;1; - ;-;50;-;-;80;100;50;50; -   
Mont-la-Ville;2025;2026;76; -   ;76;1;0.5; - ;50; - ; - ;100;100;50;100; -   
Montricher;2024;2026;64; -   ;64;0.3; - ; - ;50;100;50;100;100;50;60; -   
Morges;2025;2026;67; - ;67;1;0.5;-;50;100;100;100;100;50;80; -   
Orny;2021;2026;73; -   ;73;0.65;0.5; - ;50;100;100;100;100;50;50; -   
Pompaples;2021;2026;66; - ;66;1; - ;-;50;30;30;100;100;50;0.50p/Fr; -   
Préverenges;2025;2026;65; - ;65;1;0.5;-;50;100;-;100;100;50;90; -   
Romanel-sur-Morges;2025;2026;56; -   ;56;1;0.5;0;50;50;50;100;100;50;100; -   
Saint-Livres;2025;2026;69; -   ;69;1;0.5;0;50;0;0;100;100;0;80; -   
Saint-Oyens;2025;2026;77; - ;77;1;0.5;-;50;-;-;70;100;-;75; -   
Saint-Prex;2025;2026;59; - ;59;1.2;0.5;-;50;100;100;100;100;50;1.50p/Fr; -   
Saubraz;2025;2026;77; - ;77;1;0.5;-;50;50;50;100;100;50;150; -   
Senarclens;2021;2026;68.5; - ;68.5;1;0.5;-;50;100;100;100;100;-;50; -   
Tolochenaz;2025;2026;64; -   ;64;1;0.5; - ;50;50; - ;100;100;50;30; -   
Vaux-sur-Morges;2024;2026;56; -   ;56;1.25;0.5; - ;50;50; - ;50;50;50;30; -   
Villars-sous-Yens;2025;2026;74; - ;74;1.2;0.5;-;50;50;50;50;100;50;100; -   
Vufflens-le-Château;2025;2026;60.5; - ;60.5;0.8;0.5;-;50;-;-;50;50;-;1.0p/Fr; -   
Vullierens;2021;2026;76; -   ;76;1; - ; - ;50;100;100;100;100;50; 1.0p/Fr ; -   
Yens;2025;2026;68; - ;68;1;0.5;-;50;50;50;50;100;50;100; -   
;;;;;;;;;;;;;;;;
DISTRICT DE NYON;;;;;;;;;;;;;;;;
Arnex-sur-Nyon;2025;2026;66; - ;66;1;0.5;-;50;25;-;25;50;50;50; -   
Arzier-Le Muids;2025;2027;64; - ;64;1.5; - ;-;50;50;-;100;100;50;50; -   
Bassins;2025;2026;72.5; - ;72.5;1.4;0.5;-;50;100;-;100;100;50;90; -   
Begnins;2025;2026;62.5; - ;62.5;1.5; - ;-;50;-;-;100;100;50;100; -   
Bogis-Bossey;2025;2026;70; - ;70;1;0.5;-;50;50;-;50;100;50;30; -   
Borex;2025;2026;57; - ;57;1.5; - ;-;50;-;-;100;100;50;0.50p/Fr; -   
Bursinel;2025;2026;62; - ;62;0.75; - ;-;50;-;-;80;100;50;1.0p/Fr; -   
Bursins;2025;2026;71; -   ;71;1;0.5; - ;50;50;30;80;100; - ; 1.0p/Fr ; -   
Burtigny;2025;2026;75; -   ;75;1.5;0.5; - ;50; - ; - ;70;90;50;50; -   
Chavannes-de-Bogis;2025;2026;58; - ;58;1.5;0.5;-;50;-;-;50;100;50;50; -   
Chavannes-des-Bois;2025;2026;66; - ;66;1.5; - ;-;50;-;-;100;100;50;80; -   
Chéserex;2025;2026;59; - ;59;1; - ;-;50;-;-;100;100;50;100; -   
Coinsins;2025;2026;49; -   ;49;1; - ; - ;50;45; - ;70;100;45; - ; -   
Commugny;2025;2026;58; - ;58;1.3; - ;-;50;-;-;100;100;50;1.0p/Fr; -   
Coppet;2025;2026;57; - ;57;1.5;0.5;-;50;-;-;100;100;50;50; -   
Crans;2025;2026;59; - ;59;1; - ;-;50;-;-;70;100;50;1.0p/Fr; 10 cts 
Crassier;2025;2026;65; - ;65;1; - ;-;50;-;-;50;100;50;60; -   
Duillier;2025;2026;66; - ;66;1;0.5;-;50;50;-;100;100;50;1.0p/Fr; -   
Dully;2022;2026;53; - ;53;1;0.5;-;50;30;-;50;100;50;40; -   
Essertines-sur-Rolle;2025;2026;66.5; - ;66.5;1.3; - ;-;50;50;50;100;100;50;50;10
Eysins;2025;2026;59.5; - ;59.5;1; - ;-;50;50;50;100;100;50;1.0p/Fr; - 
Founex;2025;2026;57; - ;57;1; - ;-;50;-;-;100;100;50;90; -   
Genolier;2025;2026;52; - ;52;1; - ;-;50;-;-;50;50;50;0.5p/Fr; -   
Gilly;2025;2026;62.5; - ;62.5;1; - ;-;50;-;-;50;100;50;40; -   
Gingins;2025;2026;60; - ;60;0.6;0.5;-;50;-;-;25;100;50;100; -   
Givrins;2025;2026;68.5; - ;68.5;0.9; - ;-;50;-;-;-;100;-;80; -   
Gland;2025;2026;61; - ;61;1; - ;-;50;50;50;100;100;50;100; -   
Grens;2025;2026;60; - ;60;1; - ;-;50;-;-;50;50;50;50;5
La Rippe;2025;2026;63.5; - ;63.5;1; - ;-;50;-;-;50;100;50;100; -   
Le Vaud;2025;2026;69; -   ;69;1.5; - ; - ;50; - ; - ;100;100;50;100; -   
Longirod;2025;2026;77.5; -   ;77.5;1;0.5; - ;50; - ; - ;80;100;50;90; -   
Luins;2025;2026;58.5; - ;58.5;1.5; - ;-;50;50;40;100;100;30;0.60p/Fr; -   
Marchissy;2025;2026;77.5; - ;77.5;1;0.5;-;50;50;50;100;100;50;80; -   
Mies;2025;2026;54; - ;54;1; - ;-;50;-;-;75;75;50;50; -   
Mont-sur-Rolle;2025;2026;62; - ;62;1;0.5;-;50;40;40;100;100;30;1.0p/Fr; -   
Nyon;2023;2026;61; - ;61;1.5; - ;-;50;100;100;100;100;50;75; -   
Perroy;2025;2026;60.5; - ;60.5;1.3; - ;-;50;30;30;100;100;50;80; -   
Prangins;2025;2026;57; - ;57;1.4; - ;-;50;100;-;100;100;50;70; -   
Rolle;2025;2026;59.5; - ;59.5;1;0.5;-;50;50;-;100;100;50;75; -   
Saint-Cergue;2025;2026;66; - ;66;1.5; - ;-;50;50;50;70;100;50;50; -   
Saint-George;2025;2026;69.5; - ;69.5;1.2;0.5;-;50;20;20;100;100;50;80; -   
Signy-Avenex;2025;2026;58; - ;58;1;0.5;-;50;-;-;50;50;50;50; 50 cts 
Tannay;2025;2026;60.5; - ;60.5;1.5; - ;-;50;-;-;-;100;50;80; -   
Tartegnin;2025;2026;79; - ;79;1;0.5;-;50;40;40;100;100;50;50; -   
Trélex;2025;2026;57; -   ;57;0.9; - ; - ;50; - ; - ;70;70;50;50; -   
Vich;2024;2026;63; -   ;63;1; - ; - ;50; - ; - ;50;100;50;100; -   
Vinzel;2025;2026;65; - ;65;1;0.5;-;50;50;-;100;100;50;1.0p/Fr; -   
;;;;;;;;;;;;;;;;
DISTRICT DE L'OUEST LAUSANNOIS;;;;;;;;;;;;;;;;
Bussigny;2025;2026;62.5; - ;62.5;1.25;0.5;-;50;-;-;100;100;50;80; -   
Chavannes-près-Renens;2023;2026;77.5; - ;77.5;1.5;0.5;-;50;50;50;100;100;50;150;15
Crissier;2022;2027;63.5; - ;63.5;1;0.5; - ;50;50;-;100;100;50;1.50p/Fr; -   
Ecublens (VD);2022;2027;62.5; -   ;62.5;1.2;0.5; - ;50;50;50;100;100;50;100;10
Prilly;2025;2027;72.5; - ;72.5;1.3;0.5;-;50;50;-;100;100;50;120; -   
Renens (VD);2024;2027;77; -   ;77;1.4;0.5; - ;50;100;100;100;100;50;100; -   
Saint-Sulpice (VD);2025;2026;55; - ;55;0.8;0.5;-;50;80;-;80;100;50;100; -   
Villars-Sainte-Croix;2023;2026;60.5; - ;60.5;1;0.5;-;50;-;-;50;100;50;80;10
;;;;;;;;;;;;;;;;
DISTRICT RIVIERA-PAYS D'ENHAUT;;;;;;;;;;;;;;;;
Blonay - Saint-Légier;2024;2026;67.5; -   ;67.5;1;0.5; - ;50; - ; - ;100;100;50;100; -   
Chardonne;2025;2026;68; - ;68;1; - ;-;50;70;50;100;100;50;80; -   
Château-d'Oex;2025;2027;79.5;2;81.5;1.5;0.5;-;50;100;100;100;100;50;120; -   
Corseaux;2025;2026;67.5; - ;67.5;1;0.5;-;50;100;25;100;100;50;50; -   
Corsier-sur-Vevey;2025;2026;64.5; - ;64.5;1.2; - ;-;50;100;-;100;100;50;100; -   
Jongny**;2023;2025;69.5; - ;69.5;1.2;0.5;-;50;50;50;100;100;50;100; -   
La Tour-de-Peilz**;2023;2024;62.5;1.5;64;1.2;0.5; - ;50;100;-;100;100;50;100; -   
Montreux;2025;2027;65; - ;65;1.5;0.5;-;50;100;80;100;100;50;100; -   
Rossinière;2025;2026;81; - ;81;1.5;0.5;-;50;100;50;100;100;50;80;10
Rougemont;2025;2026;79; -   ;79;1.5; -   ;0;50;50;50;100;100;50;60; -   
Vevey;2025;2026;74.5; - ;74.5;1.5;0.5;-;50;100;75;100;100;50;150; -   
Veytaux;2024;2026;65; -   ;65;1.5;0.5; - ;50;50; - ;100;100;50;100; 100 cts 
;;;;;;;;;;;;;;;;
* Eventuelles exonérations, voir arrêté d'imposition;;;;;;;;;;;;;;;;
** Ancien arrêté prorogé de plein droit (Art. 35 LICom);;;;;;;;;;;;;;;;
