Commune;Total logements vacants;;;;;;;Logements vacants à vendre;;;;;;;Maisons individuelles vacantes;;;;;;;Logements vacants récents;;;;;;;#VALEUR!
Aclens;8;1;1;3;3;-;-;-;-;-;-;-;-;-;-;-;-;-;-;-;-;4;-;1;1;2;-;-;
Agiez;-;-;-;-;-;-;-;-;-;-;-;-;-;-;-;-;-;-;-;-;-;-;-;-;-;-;-;-;
Aigle;43;3;14;17;8;1;-;3;-;-;-;3;-;-;5;-;-;2;2;1;-;-;-;-;-;-;-;-;
Aigle (district);457;41;74;126;97;46;73;235;7;25;50;56;29;68;123;-;2;14;21;21;65;19;1;2;6;4;3;3;
Allaman;2;-;-;2;-;-;-;1;-;-;1;-;-;-;-;-;-;-;-;-;-;-;-;-;-;-;-;-;
Arnex-sur-Nyon;2;-;-;2;-;-;-;1;-;-;1;-;-;-;-;-;-;-;-;-;-;-;-;-;-;-;-;-;
Arnex-sur-Orbe;2;-;-;-;1;1;-;1;-;-;-;-;1;-;1;-;-;-;-;1;-;-;-;-;-;-;-;-;
Arzier-Le Muids;2;-;-;-;-;1;1;1;-;-;-;-;-;1;2;-;-;-;-;1;1;-;-;-;-;-;-;-;
Assens;100;-;-;-;-;-;-;-;-;-;-;-;-;-;-;-;-;-;-;-;-;-;-;-;-;-;-;-;
Aubonne;29;-;1;3;10;6;9;15;-;-;1;2;4;8;10;-;-;-;3;2;5;-;-;-;-;-;-;-;
Avenches;4;-;4;-;-;-;-;-;-;-;-;-;-;-;-;-;-;-;-;-;-;-;-;-;-;-;-;-;
Ballaigues;19;5;4;6;2;1;1;-;-;-;-;-;-;-;1;-;-;-;-;-;1;1;-;-;1;-;-;-;
Ballens;2;-;1;-;-;-;1;1;-;-;-;-;-;1;1;-;-;-;-;-;1;-;-;-;-;-;-;-;
Bassins;9;-;-;3;-;6;-;5;-;-;-;-;5;-;6;-;-;-;-;6;-;-;-;-;-;-;-;-;
Baulmes;16;-;3;3;5;2;3;8;-;2;2;-;1;3;4;-;-;-;-;1;3;-;-;-;-;-;-;-;
Bavois;-;-;-;-;-;-;-;-;-;-;-;-;-;-;-;-;-;-;-;-;-;-;-;-;-;-;-;-;
Begnins;12;-;2;2;3;-;5;5;-;-;1;-;-;4;1;-;-;-;-;-;1;-;-;-;-;-;-;-;
Belmont-sur-Lausanne;5;1;1;-;3;-;-;3;1;-;-;2;-;-;2;-;-;-;2;-;-;-;-;-;-;-;-;-;
Belmont-sur-Yverdon;5;1;-;1;2;1;-;4;-;-;1;2;1;-;-;-;-;-;-;-;-;-;-;-;-;-;-;-;
Bercher;7;1;-;1;1;-;4;5;-;-;1;1;-;3;4;-;-;-;-;-;4;-;-;-;-;-;-;-;
Berolle;2;-;-;1;-;-;1;-;-;-;-;-;-;-;1;-;-;-;-;-;1;-;-;-;-;-;-;-;
Bettens;-;-;-;-;-;-;-;-;-;-;-;-;-;-;-;-;-;-;-;-;-;-;-;-;-;-;-;-;
Bex;36;7;4;13;8;1;3;16;2;3;5;4;-;2;5;-;-;1;2;-;2;-;-;-;-;-;-;-;
Bière;14;1;3;3;5;2;-;3;-;1;-;1;1;-;2;-;-;-;1;1;-;-;-;-;-;-;-;-;
Bioley-Magnoux;-;-;-;-;-;-;-;-;-;-;-;-;-;-;-;-;-;-;-;-;-;-;-;-;-;-;-;-;
"Blonay -
Saint-Légier";13;-;1;-;4;2;6;6;-;-;-;1;1;4;7;-;-;-;-;1;6;-;-;-;-;-;-;-;
Bofflens;-;-;-;-;-;-;-;-;-;-;-;-;-;-;-;-;-;-;-;-;-;-;-;-;-;-;-;-;
Bogis-Bossey;-;-;-;-;-;-;-;-;-;-;-;-;-;-;-;-;-;-;-;-;-;-;-;-;-;-;-;-;
Bonvillars;-;-;-;-;-;-;-;-;-;-;-;-;-;-;-;-;-;-;-;-;-;-;-;-;-;-;-;-;
Borex;19;4;2;1;5;2;5;6;-;-;-;-;1;5;5;-;-;-;-;1;4;-;-;-;-;-;-;-;
Bottens;26;4;4;1;10;5;2;2;-;-;-;2;-;-;-;-;-;-;-;-;-;-;-;-;-;-;-;-;
Bougy-Villars;23;-;1;2;1;1;18;15;-;1;-;-;-;14;19;-;1;-;-;1;17;-;-;-;-;-;-;-;
Boulens;-;-;-;-;-;-;-;-;-;-;-;-;-;-;-;-;-;-;-;-;-;-;-;-;-;-;-;-;
Bourg-en-Lavaux;7;-;2;1;1;1;2;-;-;-;-;-;-;-;2;-;1;-;1;-;-;-;-;-;-;-;-;-;
Bournens;2;-;-;1;-;1;-;-;-;-;-;-;-;-;1;-;-;-;-;1;-;-;-;-;-;-;-;-;
Boussens;3;-;1;-;1;1;-;1;-;-;-;1;-;-;-;-;-;-;-;-;-;-;-;-;-;-;-;-;
Bremblens;1;-;-;-;1;-;-;-;-;-;-;-;-;-;-;-;-;-;-;-;-;-;-;-;-;-;-;-;
Bretigny-sur-Morrens;14;-;6;5;3;-;-;-;-;-;-;-;-;-;-;-;-;-;-;-;-;-;-;-;-;-;-;-;
Bretonnières;-;-;-;-;-;-;-;-;-;-;-;-;-;-;-;-;-;-;-;-;-;-;-;-;-;-;-;-;
Broye-Vully (district);282;12;51;70;73;53;23;68;1;1;12;16;23;15;87;-;3;16;24;28;16;39;-;7;13;10;9;-;
Buchillon;15;-;1;4;2;2;6;8;-;-;3;1;1;3;12;-;-;3;2;1;6;-;-;-;-;-;-;-;
Bullet;2;-;-;-;1;1;-;1;-;-;-;-;1;-;1;-;-;-;-;1;-;-;-;-;-;-;-;-;
Bursinel;6;-;1;4;1;-;-;3;-;-;3;-;-;-;-;-;-;-;-;-;-;-;-;-;-;-;-;-;
Bursins;3;-;-;-;2;1;-;3;-;-;-;2;1;-;2;-;-;-;1;1;-;1;-;-;-;1;-;-;
Burtigny;2;-;-;-;-;-;2;2;-;-;-;-;-;2;2;-;-;-;-;-;2;-;-;-;-;-;-;-;
Bussigny;17;4;5;7;1;-;-;2;-;1;-;1;-;-;-;-;-;-;-;-;-;-;-;-;-;-;-;-;
Bussy-sur-Moudon;-;-;-;-;-;-;-;-;-;-;-;-;-;-;-;-;-;-;-;-;-;-;-;-;-;-;-;-;
Chamblon;-;-;-;-;-;-;-;-;-;-;-;-;-;-;-;-;-;-;-;-;-;-;-;-;-;-;-;-;
Champagne;11;-;1;4;2;-;4;6;-;-;2;2;-;2;3;-;-;-;-;-;3;3;-;-;3;-;-;-;
Champtauroz;-;-;-;-;-;-;-;-;-;-;-;-;-;-;-;-;-;-;-;-;-;-;-;-;-;-;-;-;
Champvent;-;-;-;-;-;-;-;-;-;-;-;-;-;-;-;-;-;-;-;-;-;-;-;-;-;-;-;-;
Chardonne;35;-;2;11;7;9;6;19;-;2;5;5;4;3;13;-;-;2;4;2;5;2;-;-;-;-;2;-;
Château-d'Oex;36;1;2;6;12;6;9;34;-;2;6;11;6;9;11;-;-;-;2;1;8;-;-;-;-;-;-;-;
Chavannes-de-Bogis;5;-;-;-;2;1;2;4;-;-;-;1;1;2;3;-;-;-;-;1;2;-;-;-;-;-;-;-;
Chavannes-des-Bois;1;-;-;-;-;-;1;1;-;-;-;-;-;1;1;-;-;-;-;-;1;-;-;-;-;-;-;-;
Chavannes-le-Chêne;-;-;-;-;-;-;-;-;-;-;-;-;-;-;-;-;-;-;-;-;-;-;-;-;-;-;-;-;
Chavannes-le-Veyron;-;-;-;-;-;-;-;-;-;-;-;-;-;-;-;-;-;-;-;-;-;-;-;-;-;-;-;-;
Chavannes-près-Renens;7;4;1;2;-;-;-;-;-;-;-;-;-;-;-;-;-;-;-;-;-;-;-;-;-;-;-;-;
Chavannes-sur-Moudon;1;-;1;-;-;-;-;-;-;-;-;-;-;-;-;-;-;-;-;-;-;-;-;-;-;-;-;-;
Chavornay;7;-;3;3;-;-;1;1;-;-;-;-;-;1;1;-;-;-;-;-;1;-;-;-;-;-;-;-;
Chêne-Pâquier;-;-;-;-;-;-;-;-;-;-;-;-;-;-;-;-;-;-;-;-;-;-;-;-;-;-;-;-;
Cheseaux-Noréaz;2;-;-;-;2;-;-;2;-;-;-;2;-;-;2;-;-;-;2;-;-;-;-;-;-;-;-;-;
Cheseaux-sur-Lausanne;8;-;-;2;4;1;1;-;-;-;-;-;-;-;2;-;-;-;1;-;1;1;-;-;-;1;-;-;
Chéserex;5;-;-;-;2;2;1;3;-;-;-;-;2;1;2;-;-;-;-;1;1;1;-;-;-;1;-;-;
Chessel;6;-;2;1;2;1;-;2;-;-;1;-;1;-;2;-;1;-;-;1;-;-;-;-;-;-;-;-;
Chevilly;8;-;3;4;-;1;-;4;-;1;3;-;-;-;-;-;-;-;-;-;-;5;-;2;3;-;-;-;
Chevroux;5;-;2;1;1;1;-;1;-;-;-;-;1;-;1;-;-;-;-;1;-;-;-;-;-;-;-;-;
Chexbres;8;3;2;2;1;-;-;-;-;-;-;-;-;-;-;-;-;-;-;-;-;-;-;-;-;-;-;-;
Chigny;-;-;-;-;-;-;-;-;-;-;-;-;-;-;-;-;-;-;-;-;-;-;-;-;-;-;-;-;
Clarmont;7;1;1;3;-;-;2;-;-;-;-;-;-;-;-;-;-;-;-;-;-;-;-;-;-;-;-;-;
Coinsins;1;-;-;-;1;-;-;1;-;-;-;1;-;-;1;-;-;-;1;-;-;-;-;-;-;-;-;-;
Commugny;98;11;16;9;11;16;35;-;-;-;-;-;-;-;71;6;8;4;5;13;35;-;-;-;-;-;-;-;
Concise;13;-;1;2;8;-;2;10;-;1;2;5;-;2;3;-;-;-;1;-;2;-;-;-;-;-;-;-;
Coppet;34;-;3;2;4;4;21;18;-;1;-;2;1;14;19;-;-;-;1;2;16;2;-;-;-;-;-;2;
Corbeyrier;7;-;1;1;-;5;-;2;-;-;-;-;2;-;3;-;-;-;-;3;-;-;-;-;-;-;-;-;
Corcelles-le-Jorat;9;-;4;3;-;2;-;3;-;-;1;-;2;-;2;-;-;-;-;2;-;-;-;-;-;-;-;-;
Corcelles-près-Concise;2;-;-;1;1;-;-;-;-;-;-;-;-;-;-;-;-;-;-;-;-;-;-;-;-;-;-;-;
Corcelles-près-Payerne;21;1;9;7;2;1;1;2;-;-;2;-;-;-;-;-;-;-;-;-;-;12;-;6;4;2;-;-;
Corseaux;27;1;5;8;7;4;2;10;-;2;2;3;3;-;4;-;-;-;2;2;-;-;-;-;-;-;-;-;
Corsier-sur-Vevey;12;-;5;3;-;2;2;-;-;-;-;-;-;-;-;-;-;-;-;-;-;-;-;-;-;-;-;-;
Cossonay;9;-;3;4;1;1;-;4;-;2;1;-;1;-;-;-;-;-;-;-;-;-;-;-;-;-;-;-;
Crans;9;-;1;-;4;1;3;5;-;-;-;2;-;3;6;-;-;-;2;1;3;1;-;-;-;-;-;1;
Crassier;22;1;1;5;6;6;3;3;-;-;-;-;1;2;2;-;-;-;-;-;2;-;-;-;-;-;-;-;
Crissier;31;4;4;9;6;8;-;9;-;-;1;1;7;-;8;-;-;-;2;6;-;14;2;-;8;4;-;-;
Cronay;-;-;-;-;-;-;-;-;-;-;-;-;-;-;-;-;-;-;-;-;-;-;-;-;-;-;-;-;
Croy;12;3;3;2;3;1;-;-;-;-;-;-;-;-;-;-;-;-;-;-;-;-;-;-;-;-;-;-;
Cuarnens;3;-;-;2;-;1;-;-;-;-;-;-;-;-;-;-;-;-;-;-;-;-;-;-;-;-;-;-;
Cuarny;-;-;-;-;-;-;-;-;-;-;-;-;-;-;-;-;-;-;-;-;-;-;-;-;-;-;-;-;
Cudrefin;11;-;1;4;3;3;-;3;-;-;-;1;2;-;2;-;-;-;-;2;-;-;-;-;-;-;-;-;
Cugy (VD);2;-;2;-;-;-;-;-;-;-;-;-;-;-;-;-;-;-;-;-;-;-;-;-;-;-;-;-;
Curtilles;6;1;2;1;-;1;1;2;-;-;-;-;1;1;4;-;1;1;-;1;1;-;-;-;-;-;-;-;
Daillens;10;3;2;3;-;2;-;-;-;-;-;-;-;-;1;-;-;-;-;1;-;-;-;-;-;-;-;-;
Démoret;-;-;-;-;-;-;-;-;-;-;-;-;-;-;-;-;-;-;-;-;-;-;-;-;-;-;-;-;
Denens;3;-;-;-;-;3;-;3;-;-;-;-;3;-;2;-;-;-;-;2;-;-;-;-;-;-;-;-;
Denges;9;-;5;3;1;-;-;9;-;5;3;1;-;-;-;-;-;-;-;-;-;9;-;5;3;1;-;-;
Dizy;-;-;-;-;-;-;-;-;-;-;-;-;-;-;-;-;-;-;-;-;-;-;-;-;-;-;-;-;
Dompierre;3;-;-;1;1;-;1;3;-;-;1;1;-;1;3;-;-;1;1;-;1;-;-;-;-;-;-;-;
Donneloye;11;-;2;-;5;1;3;2;-;-;-;-;1;1;3;-;-;-;1;1;1;-;-;-;-;-;-;-;
Duillier;9;2;-;-;3;1;3;3;1;-;-;-;1;1;5;-;-;-;1;1;3;-;-;-;-;-;-;-;
Dully;7;-;-;-;-;1;6;6;-;-;-;-;1;5;5;-;-;-;-;-;5;-;-;-;-;-;-;-;
Echallens;4;-;1;2;1;-;-;1;-;1;-;-;-;-;1;-;-;1;-;-;-;-;-;-;-;-;-;-;
Echandens;6;2;1;1;1;1;-;3;-;-;1;1;1;-;-;-;-;-;-;-;-;-;-;-;-;-;-;-;
Echichens;9;-;1;2;3;1;2;6;-;-;1;2;1;2;1;-;-;-;-;-;1;-;-;-;-;-;-;-;
Eclépens;-;-;-;-;-;-;-;-;-;-;-;-;-;-;-;-;-;-;-;-;-;-;-;-;-;-;-;-;
Ecublens (VD);51;11;6;14;9;3;8;18;-;1;3;4;2;8;12;-;-;1;1;2;8;5;-;1;1;2;1;-;
Epalinges;74;12;9;11;19;12;11;26;1;1;4;4;7;9;13;-;-;-;1;3;9;3;1;-;-;2;-;-;
Ependes;-;-;-;-;-;-;-;-;-;-;-;-;-;-;-;-;-;-;-;-;-;-;-;-;-;-;-;-;
Essertines-sur-Rolle;-;-;-;-;-;-;-;-;-;-;-;-;-;-;-;-;-;-;-;-;-;-;-;-;-;-;-;-;
Essertines-sur-Yverdon;12;-;4;2;2;3;1;4;-;1;-;1;2;-;1;-;-;-;-;1;-;4;-;1;-;1;2;-;
Etagnières;6;-;1;1;3;-;1;3;-;-;-;2;-;1;1;-;-;-;-;-;1;1;-;1;-;-;-;-;
Etoy;13;-;2;3;5;2;1;5;-;-;-;3;1;1;2;-;-;-;-;1;1;2;-;-;-;1;1;-;
Eysins;15;-;2;3;3;5;2;13;-;1;2;3;5;2;2;-;-;-;-;1;1;1;-;-;1;-;-;-;
Faoug;3;-;1;1;-;1;-;-;-;-;-;-;-;-;-;-;-;-;-;-;-;-;-;-;-;-;-;-;
Féchy;19;1;-;2;4;2;10;12;-;-;1;3;-;8;4;-;-;-;-;2;2;2;-;-;-;-;-;2;
Ferreyres;3;1;-;-;2;-;-;1;-;-;-;1;-;-;1;-;-;-;1;-;-;-;-;-;-;-;-;-;
Fey;2;-;-;-;1;1;-;1;-;-;-;-;1;-;1;-;-;-;-;1;-;-;-;-;-;-;-;-;
Fiez;3;-;-;2;-;-;1;1;-;-;-;-;-;1;1;-;-;-;-;-;1;-;-;-;-;-;-;-;
Fontaines-sur-Grandson;1;-;-;-;1;-;-;-;-;-;-;-;-;-;-;-;-;-;-;-;-;-;-;-;-;-;-;-;
Forel (Lavaux);3;-;1;1;1;-;-;-;-;-;-;-;-;-;-;-;-;-;-;-;-;-;-;-;-;-;-;-;
Founex;16;-;1;5;2;1;7;5;-;-;-;-;1;4;5;-;-;-;-;-;5;-;-;-;-;-;-;-;
Froideville;-;-;-;-;-;-;-;-;-;-;-;-;-;-;-;-;-;-;-;-;-;-;-;-;-;-;-;-;
Genolier;-;-;-;-;-;-;-;-;-;-;-;-;-;-;-;-;-;-;-;-;-;-;-;-;-;-;-;-;
Giez;2;-;-;-;-;-;2;2;-;-;-;-;-;2;1;-;-;-;-;-;1;-;-;-;-;-;-;-;
Gilly;2;-;-;-;1;-;1;2;-;-;-;1;-;1;2;-;-;-;1;-;1;-;-;-;-;-;-;-;
Gimel;11;1;2;2;5;-;1;6;-;-;1;4;-;1;1;-;-;-;-;-;1;3;-;-;1;2;-;-;
Gingins;5;-;1;1;1;1;1;3;-;-;-;1;1;1;2;-;-;-;1;-;1;-;-;-;-;-;-;-;
Givrins;5;-;-;2;1;-;2;3;-;-;1;-;-;2;3;-;-;1;-;-;2;-;-;-;-;-;-;-;
Gland;19;1;4;2;8;4;-;5;1;-;-;3;1;-;1;-;-;-;-;1;-;-;-;-;-;-;-;-;
Gollion;6;1;1;2;2;-;-;-;-;-;-;-;-;-;-;-;-;-;-;-;-;-;-;-;-;-;-;-;
Goumoëns;6;1;-;2;1;1;1;2;-;-;-;-;1;1;2;-;-;-;-;1;1;3;-;-;2;1;-;-;
Grancy;3;-;-;1;-;1;1;3;-;-;1;-;1;1;2;-;-;-;-;1;1;-;-;-;-;-;-;-;
Grandcour;5;2;-;2;-;1;-;-;-;-;-;-;-;-;-;-;-;-;-;-;-;-;-;-;-;-;-;-;
Grandevent;3;-;-;-;3;-;-;-;-;-;-;-;-;-;3;-;-;-;3;-;-;-;-;-;-;-;-;-;
Grandson;6;-;1;4;-;-;1;3;-;1;1;-;-;1;2;-;-;1;-;-;1;-;-;-;-;-;-;-;
Grens;4;-;-;1;2;-;1;2;-;-;-;1;-;1;1;-;-;-;-;-;1;-;-;-;-;-;-;-;
Gros-de-Vaud (district);172;14;30;33;50;19;26;59;2;3;4;23;7;20;42;-;1;3;11;7;20;16;-;2;3;9;2;-;
Gryon;30;3;4;5;5;3;10;22;1;2;3;3;3;10;17;-;-;1;4;2;10;9;1;2;2;1;1;2;
Hautemorges;15;-;2;-;6;2;5;9;-;-;-;2;2;5;9;-;-;-;2;2;5;2;-;-;-;2;-;-;
Henniez;4;-;-;-;1;3;-;-;-;-;-;-;-;-;4;-;-;-;1;3;-;-;-;-;-;-;-;-;
Hermenches;7;-;-;-;6;1;-;1;-;-;-;-;1;-;1;-;-;-;1;-;-;-;-;-;-;-;-;-;
Jongny;11;2;1;4;2;2;-;2;-;-;1;1;-;-;5;-;-;2;1;2;-;-;-;-;-;-;-;-;
Jorat-Menthue;12;-;2;1;3;-;6;8;-;-;-;2;-;6;8;-;-;-;2;-;6;-;-;-;-;-;-;-;
Jorat-Mézières;15;4;2;5;3;1;-;-;-;-;-;-;-;-;-;-;-;-;-;-;-;-;-;-;-;-;-;-;
Jouxtens-Mézery;15;3;-;6;-;3;3;5;-;-;-;-;2;3;5;-;-;-;-;2;3;-;-;-;-;-;-;-;
"Jura-Nord vaudois
(district)";466;43;73;138;122;39;51;118;-;8;22;28;23;37;73;1;-;3;17;14;38;56;-;5;22;21;7;1;
Juriens;-;-;-;-;-;-;-;-;-;-;-;-;-;-;-;-;-;-;-;-;-;-;-;-;-;-;-;-;
"La Chaux
(Cossonay)";2;-;-;-;1;-;1;2;-;-;-;1;-;1;2;-;-;-;1;-;1;-;-;-;-;-;-;-;
La Praz;1;-;-;-;-;1;-;1;-;-;-;-;1;-;1;-;-;-;-;1;-;-;-;-;-;-;-;-;
La Rippe;-;-;-;-;-;-;-;-;-;-;-;-;-;-;-;-;-;-;-;-;-;-;-;-;-;-;-;-;
La Sarraz;14;-;-;3;3;3;5;6;-;-;-;1;2;3;11;-;-;1;2;3;5;-;-;-;-;-;-;-;
La Tour-de-Peilz;38;5;6;13;8;2;4;6;-;-;-;3;-;3;2;-;-;-;1;-;1;1;-;-;-;-;-;1;
L'Abbaye;3;-;-;-;2;-;1;1;-;-;-;-;-;1;3;-;-;-;2;-;1;-;-;-;-;-;-;-;
L'Abergement;2;-;-;-;-;-;2;2;-;-;-;-;-;2;2;-;-;-;-;-;2;-;-;-;-;-;-;-;
Lausanne;1200;84;144;143;74;20;11;21;1;3;4;5;6;2;4;-;-;1;1;-;2;15;-;10;5;-;-;-;
Lausanne (district);603;101;160;171;100;41;30;58;2;4;9;10;17;16;34;-;-;3;5;8;18;25;1;10;5;3;3;3;
Lavaux-Oron (district);212;23;32;59;46;18;34;60;2;3;12;12;7;24;37;-;2;2;6;5;22;10;3;1;1;3;2;-;
Lavey-Morcles;11;1;2;3;4;-;1;4;-;-;2;1;-;1;3;-;-;1;1;-;1;-;-;-;-;-;-;-;
Lavigny;4;-;-;-;-;3;1;2;-;-;-;-;1;1;2;-;-;-;-;2;-;-;-;-;-;-;-;-;
Le Chenit;16;2;1;4;5;3;1;1;-;-;-;-;1;-;-;-;-;-;-;-;-;-;-;-;-;-;-;-;
Le Lieu;5;-;1;2;2;-;-;-;-;-;-;-;-;-;-;-;-;-;-;-;-;-;-;-;-;-;-;-;
Le Mont-sur-Lausanne;15;2;3;7;2;1;-;-;-;-;-;-;-;-;2;-;-;1;1;-;-;-;-;-;-;-;-;-;
Le Vaud;1;-;-;-;1;-;-;-;-;-;-;-;-;-;-;-;-;-;-;-;-;-;-;-;-;-;-;-;
Les Clées;-;-;-;-;-;-;-;-;-;-;-;-;-;-;-;-;-;-;-;-;-;-;-;-;-;-;-;-;
Leysin;68;5;15;21;10;6;11;44;2;9;9;8;5;11;13;-;-;1;-;2;10;-;-;-;-;-;-;-;
Lignerolle;10;-;3;3;3;-;1;2;-;-;-;2;-;-;-;-;-;-;-;-;-;-;-;-;-;-;-;-;
L'Isle;4;-;2;-;-;1;1;2;-;1;-;-;-;1;1;-;-;-;-;-;1;-;-;-;-;-;-;-;
Lonay;100;-;-;-;-;-;-;-;-;-;-;-;-;-;-;-;-;-;-;-;-;-;-;-;-;-;-;-;
Longirod;7;-;-;2;2;-;3;5;-;-;1;1;-;3;5;-;-;1;1;-;3;1;-;-;-;-;-;1;
Lovatens;-;-;-;-;-;-;-;-;-;-;-;-;-;-;-;-;-;-;-;-;-;-;-;-;-;-;-;-;
Lucens;36;2;3;9;11;5;6;15;1;-;3;4;2;5;5;-;-;-;1;1;3;3;-;-;-;3;-;-;
Luins;2;-;-;-;1;-;1;2;-;-;-;1;-;1;-;-;-;-;-;-;-;1;-;-;-;-;-;1;
Lully;4;2;-;-;-;1;1;2;-;-;-;-;1;1;2;-;-;-;-;1;1;-;-;-;-;-;-;-;
Lussery-Villars;1;-;-;-;1;-;-;1;-;-;-;1;-;-;-;-;-;-;-;-;-;-;-;-;-;-;-;-;
Lussy-sur-Morges;6;-;-;1;-;1;4;5;-;-;-;-;1;4;5;-;-;-;-;1;4;-;-;-;-;-;-;-;
Lutry;30;3;3;11;2;1;10;14;-;-;4;1;1;8;8;-;-;-;-;1;7;1;-;-;1;-;-;-;
Maracon;-;-;-;-;-;-;-;-;-;-;-;-;-;-;-;-;-;-;-;-;-;-;-;-;-;-;-;-;
Marchissy;3;-;-;-;1;2;-;3;-;-;-;1;2;-;3;-;-;-;1;2;-;-;-;-;-;-;-;-;
Mathod;21;-;1;7;9;2;2;13;-;1;3;5;2;2;3;-;-;-;1;-;2;18;-;1;7;8;2;-;
Mauborget;1;-;-;-;-;1;-;1;-;-;-;-;1;-;1;-;-;-;-;1;-;-;-;-;-;-;-;-;
Mauraz;1;-;-;1;-;-;-;-;-;-;-;-;-;-;1;-;-;1;-;-;-;-;-;-;-;-;-;-;
Mex;-;-;-;-;-;-;-;-;-;-;-;-;-;-;-;-;-;-;-;-;-;-;-;-;-;-;-;-;
Mies;3;-;1;1;-;-;1;-;-;-;-;-;-;-;-;-;-;-;-;-;-;-;-;-;-;-;-;-;
Missy;2;-;-;-;-;1;1;2;-;-;-;-;1;1;2;-;-;-;-;1;1;-;-;-;-;-;-;-;
Moiry;1;-;-;-;-;1;-;-;-;-;-;-;-;-;-;-;-;-;-;-;-;-;-;-;-;-;-;-;
Mollens;4;-;-;-;1;2;1;4;-;-;-;1;2;1;1;-;-;-;-;-;1;-;-;-;-;-;-;-;
Molondin;-;-;-;-;-;-;-;-;-;-;-;-;-;-;-;-;-;-;-;-;-;-;-;-;-;-;-;-;
Montagny-près-Yverdon;-;-;-;-;-;-;-;-;-;-;-;-;-;-;-;-;-;-;-;-;-;-;-;-;-;-;-;-;
Montanaire;15;1;2;5;4;-;3;8;1;1;1;2;-;3;5;-;1;1;-;-;3;-;-;-;-;-;-;-;
Montcherand;5;-;1;2;-;1;1;1;-;-;-;-;-;1;-;-;-;-;-;-;-;-;-;-;-;-;-;-;
Montilliez;4;1;-;1;1;-;1;2;-;-;1;1;-;-;-;-;-;-;-;-;-;-;-;-;-;-;-;-;
Mont-la-Ville;1;-;-;1;-;-;-;-;-;-;-;-;-;-;-;-;-;-;-;-;-;-;-;-;-;-;-;-;
Montpreveyres;6;-;1;1;2;1;1;4;-;1;-;2;-;1;2;-;-;-;1;-;1;-;-;-;-;-;-;-;
Montreux;179;17;27;57;46;13;19;71;1;8;17;25;4;16;12;-;-;2;-;1;9;4;-;-;1;3;-;-;
Montricher;3;-;-;-;-;1;2;3;-;-;-;-;1;2;3;-;-;-;-;1;2;-;-;-;-;-;-;-;
Mont-sur-Rolle;45;9;6;9;10;6;5;3;-;-;1;-;-;2;12;-;-;2;1;5;4;-;-;-;-;-;-;-;
Morges;30;1;11;6;5;5;2;2;-;-;-;1;-;1;3;-;-;-;-;1;2;-;-;-;-;-;-;-;
Morges (district);367;21;52;79;71;54;90;153;-;13;20;28;29;63;112;-;1;6;14;23;68;28;-;8;9;8;1;2;
Morrens;10;1;1;1;3;1;3;7;1;-;1;2;-;3;6;-;-;1;2;-;3;-;-;-;-;-;-;-;
Moudon;9;-;4;2;3;-;-;-;-;-;-;-;-;-;-;-;-;-;-;-;-;-;-;-;-;-;-;-;
Mutrux;-;-;-;-;-;-;-;-;-;-;-;-;-;-;-;-;-;-;-;-;-;-;-;-;-;-;-;-;
Novalles;1;-;1;-;-;-;-;-;-;-;-;-;-;-;-;-;-;-;-;-;-;-;-;-;-;-;-;-;
Noville;21;3;7;7;1;1;2;2;-;-;1;-;-;1;1;-;-;-;-;-;1;-;-;-;-;-;-;-;
Nyon;37;-;7;10;9;7;4;16;-;1;3;3;6;3;7;-;-;-;2;2;3;1;-;-;-;1;-;-;
Nyon (district);692;69;101;125;155;103;139;194;5;10;21;40;44;74;220;6;8;12;26;56;112;26;2;-;5;12;1;6;
Ogens;3;-;-;-;1;1;1;3;-;-;-;1;1;1;-;-;-;-;-;-;-;-;-;-;-;-;-;-;
Ollon;100;4;7;25;27;10;27;87;2;7;20;23;9;26;28;-;-;-;-;4;24;5;-;-;2;3;-;-;
Onnens;2;-;-;-;-;-;2;2;-;-;-;-;-;2;2;-;-;-;-;-;2;-;-;-;-;-;-;-;
Oppens;-;-;-;-;-;-;-;-;-;-;-;-;-;-;-;-;-;-;-;-;-;-;-;-;-;-;-;-;
Orbe;35;9;4;14;7;1;-;-;-;-;-;-;-;-;-;-;-;-;-;-;-;-;-;-;-;-;-;-;
Orges;3;-;2;1;-;-;-;-;-;-;-;-;-;-;-;-;-;-;-;-;-;-;-;-;-;-;-;-;
Ormont-Dessous;9;1;-;6;1;1;-;6;-;-;4;1;1;-;5;-;-;3;1;1;-;2;-;-;2;-;-;-;
Ormont-Dessus;31;-;1;4;9;4;13;24;-;-;1;6;4;13;19;-;-;1;5;1;12;1;-;-;-;-;-;1;
Orny;4;1;1;-;1;-;1;-;-;-;-;-;-;-;1;-;-;-;1;-;-;-;-;-;-;-;-;-;
Oron;29;2;4;7;10;5;1;9;1;1;2;2;2;1;3;-;-;1;-;2;-;4;-;-;-;3;1;-;
Orzens;2;-;-;-;-;1;1;2;-;-;-;-;1;1;2;-;-;-;-;1;1;-;-;-;-;-;-;-;
"Ouest lausannois
(district)";202;34;38;69;33;20;8;43;-;3;9;14;9;8;21;-;-;1;3;9;8;19;2;1;9;6;1;-;
Oulens-sous-Echallens;8;-;-;-;7;-;1;7;-;-;-;6;-;1;7;-;-;-;6;-;1;5;-;-;-;5;-;-;
Pailly;-;-;-;-;-;-;-;-;-;-;-;-;-;-;-;-;-;-;-;-;-;-;-;-;-;-;-;-;
Paudex;21;3;1;5;1;2;9;12;-;-;3;-;1;8;5;-;-;-;-;-;5;-;-;-;-;-;-;-;
Payerne;32;3;11;11;7;-;-;-;-;-;-;-;-;-;2;-;2;-;-;-;-;5;-;-;4;1;-;-;
Penthalaz;2;1;-;1;-;-;-;-;-;-;-;-;-;-;-;-;-;-;-;-;-;-;-;-;-;-;-;-;
Penthaz;4;-;1;1;1;1;-;1;-;-;-;-;1;-;1;-;-;-;-;1;-;-;-;-;-;-;-;-;
Penthéréaz;-;-;-;-;-;-;-;-;-;-;-;-;-;-;-;-;-;-;-;-;-;-;-;-;-;-;-;-;
Perroy;13;-;-;1;7;2;3;7;-;-;1;3;1;2;1;-;-;-;-;-;1;-;-;-;-;-;-;-;
Poliez-Pittet;1;-;-;-;1;-;-;-;-;-;-;-;-;-;-;-;-;-;-;-;-;1;-;-;-;1;-;-;
Pompaples;2;-;1;-;1;-;-;1;-;-;-;1;-;-;1;-;-;-;1;-;-;-;-;-;-;-;-;-;
Pomy;-;-;-;-;-;-;-;-;-;-;-;-;-;-;-;-;-;-;-;-;-;-;-;-;-;-;-;-;
Prangins;28;3;5;2;5;7;6;9;-;1;-;-;3;5;13;-;-;-;2;5;6;2;-;-;-;1;1;-;
Premier;-;-;-;-;-;-;-;-;-;-;-;-;-;-;-;-;-;-;-;-;-;-;-;-;-;-;-;-;
Préverenges;8;1;1;4;1;1;-;1;-;-;-;-;1;-;2;-;-;1;-;1;-;-;-;-;-;-;-;-;
Prévonloup;5;-;-;-;1;4;-;5;-;-;-;1;4;-;-;-;-;-;-;-;-;5;-;-;-;1;4;-;
Prilly;41;2;13;14;9;3;-;13;-;1;5;7;-;-;1;-;-;-;-;1;-;-;-;-;-;-;-;-;
Provence;4;-;1;1;2;-;-;-;-;-;-;-;-;-;-;-;-;-;-;-;-;-;-;-;-;-;-;-;
Puidoux;6;-;2;2;2;-;-;-;-;-;-;-;-;-;-;-;-;-;-;-;-;-;-;-;-;-;-;-;
Pully;33;1;5;13;8;2;4;7;-;1;2;-;1;3;3;-;-;-;-;-;3;-;-;-;-;-;-;-;
Rances;1;-;-;-;-;-;1;1;-;-;-;-;-;1;1;-;-;-;-;-;1;-;-;-;-;-;-;-;
Renens (VD);37;8;6;14;7;2;-;-;-;-;-;-;-;-;-;-;-;-;-;-;-;-;-;-;-;-;-;-;
Rennaz;12;1;2;3;4;2;-;5;-;1;-;3;1;-;5;-;1;-;3;1;-;-;-;-;-;-;-;-;
Rivaz;5;-;-;1;3;-;1;2;-;-;1;1;-;-;1;-;-;1;-;-;-;-;-;-;-;-;-;-;
"Riviera-Pays-d'Enhaut
(district)";479;40;79;137;113;48;62;185;1;17;36;62;23;46;69;1;-;6;13;13;36;12;-;2;2;5;2;1;
Roche;4;-;-;1;3;-;-;-;-;-;-;-;-;-;-;-;-;-;-;-;-;-;-;-;-;-;-;-;
Rolle;63;7;10;15;21;9;1;12;-;2;2;4;3;1;3;-;-;-;-;2;1;7;2;-;3;2;-;-;
Romainmôtier-Envy;8;1;1;2;1;2;1;3;-;-;1;-;1;1;3;-;-;1;-;1;1;-;-;-;-;-;-;-;
Romanel-sur-Lausanne;15;-;4;2;1;4;4;6;-;-;1;1;2;2;8;-;-;1;1;3;3;6;-;-;-;-;3;3;
Romanel-sur-Morges;10;2;-;2;1;3;2;-;-;-;-;-;-;-;1;-;-;-;-;-;1;-;-;-;-;-;-;-;
Ropraz;-;-;-;-;-;-;-;-;-;-;-;-;-;-;-;-;-;-;-;-;-;-;-;-;-;-;-;-;
Rossenges;-;-;-;-;-;-;-;-;-;-;-;-;-;-;-;-;-;-;-;-;-;-;-;-;-;-;-;-;
Rossinière;6;-;-;-;-;-;6;6;-;-;-;-;-;6;6;-;-;-;-;-;6;-;-;-;-;-;-;-;
Rougemont;14;-;-;2;7;3;2;14;-;-;2;7;3;2;5;-;-;-;2;3;-;-;-;-;-;-;-;-;
Rovray;-;-;-;-;-;-;-;-;-;-;-;-;-;-;-;-;-;-;-;-;-;-;-;-;-;-;-;-;
Rueyres;-;-;-;-;-;-;-;-;-;-;-;-;-;-;-;-;-;-;-;-;-;-;-;-;-;-;-;-;
Saint-Barthélemy (VD);5;-;-;3;2;-;-;-;-;-;-;-;-;-;-;-;-;-;-;-;-;1;-;-;1;-;-;-;
Saint-Cergue;143;29;34;39;26;9;6;22;3;4;5;6;2;2;11;-;-;4;3;2;2;4;-;-;1;3;-;-;
Sainte-Croix;43;6;12;12;10;-;3;8;-;1;3;1;-;3;4;-;-;-;1;-;3;-;-;-;-;-;-;-;
Saint-George;19;2;3;4;5;5;-;3;-;-;-;1;2;-;6;-;-;-;1;5;-;-;-;-;-;-;-;-;
Saint-Livres;8;1;1;2;1;2;1;6;-;1;1;1;2;1;-;-;-;-;-;-;-;-;-;-;-;-;-;-;
Saint-Oyens;-;-;-;-;-;-;-;-;-;-;-;-;-;-;-;-;-;-;-;-;-;-;-;-;-;-;-;-;
Saint-Prex;12;1;3;6;1;1;-;3;-;1;1;-;1;-;-;-;-;-;-;-;-;-;-;-;-;-;-;-;
Saint-Sulpice (VD);18;1;3;9;1;4;-;1;-;-;-;1;-;-;-;-;-;-;-;-;-;-;-;-;-;-;-;-;
Saubraz;-;-;-;-;-;-;-;-;-;-;-;-;-;-;-;-;-;-;-;-;-;-;-;-;-;-;-;-;
Savigny;10;3;1;1;2;2;1;4;-;-;-;1;2;1;4;-;-;-;1;2;1;5;3;1;-;-;1;-;
Senarclens;6;-;3;-;2;-;1;1;-;-;-;-;-;1;1;-;-;-;-;-;1;-;-;-;-;-;-;-;
Sergey;-;-;-;-;-;-;-;-;-;-;-;-;-;-;-;-;-;-;-;-;-;-;-;-;-;-;-;-;
Servion;21;2;6;5;1;2;5;3;-;-;-;1;-;2;7;-;1;-;1;-;5;-;-;-;-;-;-;-;
Signy-Avenex;-;-;-;-;-;-;-;-;-;-;-;-;-;-;-;-;-;-;-;-;-;-;-;-;-;-;-;-;
Source: OFS/StatVD (statistique annuelle des logements vacants);;;;;;;;;;;;;;;;;;;;;;;;;;;;;
"St-Saphorin
(Lavaux)";13;1;1;4;6;1;-;2;-;-;-;2;-;-;-;-;-;-;-;-;-;-;-;-;-;-;-;-;#VALEUR!
Suchy;4;-;-;1;-;1;2;3;-;-;-;-;1;2;3;-;-;-;-;1;2;-;-;-;-;-;-;-;
Sullens;10;1;3;2;3;1;-;2;-;-;-;1;1;-;2;-;-;-;1;1;-;1;-;-;-;1;-;-;
Suscévaz;2;-;-;1;-;1;-;1;-;-;-;-;1;-;1;-;-;-;-;1;-;2;-;-;1;-;1;-;
Syens;-;-;-;-;-;-;-;-;-;-;-;-;-;-;-;-;-;-;-;-;-;-;-;-;-;-;-;-;
Tannay;12;-;1;-;3;3;5;8;-;-;-;2;3;3;9;-;-;-;2;3;4;4;-;-;-;3;-;1;
Tartegnin;-;-;-;-;-;-;-;-;-;-;-;-;-;-;-;-;-;-;-;-;-;-;-;-;-;-;-;-;
Tévenon;4;3;-;-;-;1;-;1;-;-;-;-;1;-;1;-;-;-;-;1;-;-;-;-;-;-;-;-;
Tolochenaz;1;-;-;-;-;-;1;-;-;-;-;-;-;-;-;-;-;-;-;-;-;-;-;-;-;-;-;-;
Trélex;-;-;-;-;-;-;-;-;-;-;-;-;-;-;-;-;-;-;-;-;-;-;-;-;-;-;-;-;
Trey;3;-;-;-;2;1;-;2;-;-;-;1;1;-;2;-;-;-;1;1;-;-;-;-;-;-;-;-;
Treycovagnes;5;-;-;1;-;2;2;2;-;-;-;-;2;-;3;-;-;-;-;1;2;-;-;-;-;-;-;-;
Treytorrens;2;-;-;-;1;-;1;2;-;-;-;1;-;1;2;-;-;-;1;-;1;-;-;-;-;-;-;-;
Ursins;-;-;-;-;-;-;-;-;-;-;-;-;-;-;-;-;-;-;-;-;-;-;-;-;-;-;-;-;
Valbroye;16;-;-;4;3;6;3;13;-;-;3;2;5;3;9;-;-;2;1;3;3;-;-;-;-;-;-;-;
Valeyres-sous-Montagny;2;-;1;1;-;-;-;1;-;-;1;-;-;-;-;-;-;-;-;-;-;-;-;-;-;-;-;-;
Valeyres-sous-Rances;2;-;-;1;1;-;-;-;-;-;-;-;-;-;2;-;-;1;1;-;-;-;-;-;-;-;-;-;
Valeyres-sous-Ursins;3;-;-;-;-;2;1;2;-;-;-;-;1;1;2;-;-;-;-;1;1;-;-;-;-;-;-;-;
Vallorbe;56;3;9;20;18;5;1;7;-;2;1;2;2;-;2;-;-;-;2;-;-;19;-;4;6;7;2;-;
Vaulion;11;2;1;1;-;2;5;3;-;-;-;-;-;3;3;-;-;-;-;-;3;-;-;-;-;-;-;-;
Vaux-sur-Morges;-;-;-;-;-;-;-;-;-;-;-;-;-;-;-;-;-;-;-;-;-;-;-;-;-;-;-;-;
Vevey;88;14;24;29;14;3;4;3;-;-;1;1;-;1;1;1;-;-;-;-;-;-;-;-;-;-;-;-;
Veytaux;20;-;6;4;6;2;2;14;-;3;2;5;2;2;3;-;-;-;1;1;1;5;-;2;1;2;-;-;
Vich;2;-;-;-;1;-;1;1;-;-;-;1;-;-;1;-;-;-;-;-;1;-;-;-;-;-;-;-;
Villars-Epeney;-;-;-;-;-;-;-;-;-;-;-;-;-;-;-;-;-;-;-;-;-;-;-;-;-;-;-;-;
Villars-le-Comte;1;-;-;-;-;-;1;1;-;-;-;-;-;1;1;-;-;-;-;-;1;-;-;-;-;-;-;-;
Villars-le-Terroir;3;-;-;-;-;1;2;1;-;-;-;-;-;1;1;-;-;-;-;-;1;-;-;-;-;-;-;-;
Villars-Sainte-Croix;100;-;-;-;-;-;-;-;-;-;-;-;-;-;-;-;-;-;-;-;-;-;-;-;-;-;-;-;
Villars-sous-Yens;2;-;-;1;-;-;1;1;-;-;-;-;-;1;1;-;-;-;-;-;1;-;-;-;-;-;-;-;
Villarzel;2;-;1;-;1;-;-;-;-;-;-;-;-;-;-;-;-;-;-;-;-;-;-;-;-;-;-;-;
Villeneuve;59;11;13;15;11;7;2;15;-;3;4;4;3;1;12;-;-;3;3;4;2;2;-;-;-;-;2;-;
Vinzel;2;-;-;-;1;-;1;-;-;-;-;-;-;-;-;-;-;-;-;-;-;-;-;-;-;-;-;-;
Vuarrens;-;-;-;-;-;-;-;-;-;-;-;-;-;-;-;-;-;-;-;-;-;-;-;-;-;-;-;-;
Vucherens;13;2;2;2;2;4;1;2;-;-;-;1;1;-;2;-;-;-;1;1;-;-;-;-;-;-;-;-;
Vufflens-la-Ville;-;-;-;-;-;-;-;-;-;-;-;-;-;-;-;-;-;-;-;-;-;-;-;-;-;-;-;-;
Vufflens-le-Château;10;2;-;2;-;2;4;-;-;-;-;-;-;-;4;-;-;-;-;-;4;1;-;-;1;-;-;-;
Vugelles-La Mothe;7;-;-;2;2;1;2;-;-;-;-;-;-;-;-;-;-;-;-;-;-;-;-;-;-;-;-;-;
Vuiteboeuf;7;-;3;3;1;-;-;-;-;-;-;-;-;-;-;-;-;-;-;-;-;-;-;-;-;-;-;-;
Vulliens;3;-;-;1;1;1;-;-;-;-;-;-;-;-;-;-;-;-;-;-;-;-;-;-;-;-;-;-;
Vullierens;-;-;-;-;-;-;-;-;-;-;-;-;-;-;-;-;-;-;-;-;-;-;-;-;-;-;-;-;
Vully-les-Lacs;79;1;6;21;27;17;7;11;-;1;2;4;2;2;45;-;-;12;16;12;5;14;-;1;5;3;5;-;
Yens;10;1;-;3;1;1;4;4;-;-;1;1;1;1;3;-;-;-;-;-;3;-;-;-;-;-;-;-;
Yverdon-les-Bains;68;4;12;30;19;2;1;14;-;-;5;6;2;1;-;-;-;-;-;-;-;13;-;-;4;6;2;1;
Yvonand;15;4;1;1;4;2;3;5;-;-;-;1;1;3;8;1;-;-;3;1;3;-;-;-;-;-;-;-;
Yvorne;20;2;2;4;4;4;4;3;-;-;-;-;-;3;5;-;-;1;-;1;3;-;-;-;-;-;-;-;
