a;Commune;Population suisse;Population étrangère;Total
5401;Aigle;6 807;5 274;12 081
5402;Bex;5 735;3 188;8 923
5403;Chessel;387;138;525
5404;Corbeyrier;408;48;456
5405;Gryon;1 037;509;1 546
5406;Lavey-Morcles;807;217;1 024
5407;Leysin;1 831;1 891;3 722
5408;Noville;929;285;1 214
5409;Ollon;5 272;3 030;8 302
5410;Ormont-Dessous;1 005;256;1 261
5411;Ormont-Dessus;1 085;355;1 440
5412;Rennaz;619;316;935
5413;Roche;1 323;712;2 035
5414;Villeneuve;3 474;2 599;6 073
5415;Yvorne;861;258;1 119
5451;Avenches;2 922;2 031;4 953
5663;Bussy-sur-Moudon;222;45;267
5812;Champtauroz;165;19;184
5665;Chavannes-sur-Moudon;213;19;232
5813;Chevroux;431;56;487
5785;Corcelles-le-Jorat;400;95;495
5816;Corcelles-près-Payerne;2 026;1 103;3 129
5456;Cudrefin;1 592;323;1 915
5669;Curtilles;258;44;302
5671;Dompierre;207;35;242
5458;Faoug;684;218;902
5817;Grandcour;792;178;970
5819;Henniez;358;106;464
5673;Hermenches;314;50;364
5674;Lovatens;143;9;152
5675;Lucens;2 854;2 038;4 892
5821;Missy;310;69;379
5678;Moudon;3 692;3 155;6 847
5822;Payerne;5 995;4 977;10 972
5683;Prévonloup;217;32;249
5798;Ropraz;415;120;535
5684;Rossenges;67;15;82
5688;Syens;108;36;144
5827;Trey;260;45;305
5828;Treytorrens;98;10;108
5831;Valbroye;2 602;814;3 416
5690;Villars-le-Comte;117;12;129
5830;Villarzel;421;101;522
5692;Vucherens;525;109;634
5803;Vulliens;550;80;630
5464;Vully-les-Lacs;2 995;703;3 698
5511;Assens;1 452;295;1 747
5512;Bercher;1 118;241;1 359
5471;Bettens;523;129;652
5514;Bottens;1 123;266;1 389
5661;Boulens;338;33;371
5472;Bournens;475;137;612
5473;Boussens;853;163;1 016
5515;Bretigny-sur-Morrens;717;176;893
5516;Cugy (VD);2 144;680;2 824
5480;Daillens;917;196;1 113
5518;Echallens;5 119;1 697;6 816
5520;Essertines-sur-Yverdon;981;202;1 183
5521;Etagnières;921;247;1 168
5522;Fey;693;98;791
5523;Froideville;2 215;498;2 713
5541;Goumoëns;1 079;172;1 251
5804;Jorat-Menthue;1 296;268;1 564
5487;Lussery-Villars;391;78;469
5489;Mex;610;218;828
5693;Montanaire;2 495;361;2 856
5540;Montilliez;1 608;248;1 856
5527;Morrens;954;191;1 145
5680;Ogens;303;39;342
5923;Oppens;155;46;201
5529;Oulens-sous-Echallens;520;89;609
5530;Pailly;509;66;575
5495;Penthalaz;2 287;912;3 199
5496;Penthaz;1 435;475;1 910
5531;Penthéréaz;412;34;446
5533;Poliez-Pittet;693;154;847
5534;Rueyres;260;42;302
5535;Saint-Barthélemy (VD);719;119;838
5501;Sullens;1 007;275;1 282
5537;Villars-le-Terroir;1 136;198;1 334
5539;Vuarrens;943;170;1 113
5503;Vufflens-la-Ville;1 084;243;1 327
5871;L'Abbaye;1 306;293;1 599
5741;L'Abergement;246;21;267
5742;Agiez;314;68;382
5743;Arnex-sur-Orbe;594;104;698
5744;Ballaigues;890;327;1 217
5745;Baulmes;959;230;1 189
5746;Bavois;865;190;1 055
5902;Belmont-sur-Yverdon;407;50;457
5903;Bioley-Magnoux;238;14;252
5747;Bofflens;196;5;201
5551;Bonvillars;475;42;517
5748;Bretonnières;252;13;265
5552;Bullet;626;61;687
5904;Chamblon;480;78;558
5553;Champagne;913;174;1 087
5905;Champvent;581;111;692
5907;Chavannes-le-Chêne;289;40;329
5749;Chavornay;3 925;1 449;5 374
5908;Chêne-Pâquier;153;19;172
5872;Le Chenit;3 457;1 335;4 792
5909;Cheseaux-Noréaz;645;100;745
5750;Les Clées;180;15;195
5554;Concise;847;188;1 035
5555;Corcelles-près-Concise;379;60;439
5910;Cronay;402;30;432
5752;Croy;356;52;408
5911;Cuarny;213;31;244
5912;Démoret;167;14;181
5913;Donneloye;767;138;905
5914;Ependes;310;66;376
5556;Fiez;379;42;421
5557;Fontaines-sur-Grandson;200;28;228
5559;Giez;403;61;464
5560;Grandevent;196;45;241
5561;Grandson;2 712;679;3 391
5754;Juriens;321;24;345
5873;Le Lieu;788;138;926
5755;Lignerolle;353;99;452
5919;Mathod;576;164;740
5562;Mauborget;113;24;137
5921;Molondin;215;45;260
5922;Montagny-près-Yverdon;637;131;768
5756;Montcherand;422;72;494
5563;Mutrux;124;14;138
5564;Novalles;95;10;105
5565;Onnens;464;63;527
5757;Orbe;5 197;2 811;8 008
5924;Orges;367;49;416
5925;Orzens;192;24;216
5926;Pomy;819;85;904
5758;La Praz;173;41;214
5759;Premier;211;22;233
5566;Provence;378;43;421
5760;Rances;445;68;513
5761;Romainmôtier-Envy;480;99;579
5928;Rovray;179;19;198
5568;Sainte-Croix;3 893;1 256;5 149
5762;Sergey;137;28;165
5929;Suchy;563;109;672
5930;Suscévaz;209;54;263
5571;Tévenon;735;122;857
5931;Treycovagnes;413;105;518
5932;Ursins;191;36;227
5933;Valeyres-sous-Montagny;587;130;717
5763;Valeyres-sous-Rances;501;72;573
5934;Valeyres-sous-Ursins;216;9;225
5764;Vallorbe;2 828;1 606;4 434
5765;Vaulion;426;74;500
5935;Villars-Epeney;95;14;109
5937;Vugelles-La Mothe;122;20;142
5766;Vuiteboeuf;491;125;616
5938;Yverdon-les-Bains;18 506;12 094;30 600
5939;Yvonand;2 976;560;3 536
5582;Cheseaux-sur-Lausanne;3 635;1 235;4 870
5584;Epalinges;6 875;2 994;9 869
5585;Jouxtens-Mézery;1 188;267;1 455
5586;Lausanne;83 117;62 590;145 707
5587;Le Mont-sur-Lausanne;7 014;2 771;9 785
5592;Romanel-sur-Lausanne;3 063;1 268;4 331
5581;Belmont-sur-Lausanne;2 928;963;3 891
5613;Bourg-en-Lavaux;4 352;1 206;5 558
5601;Chexbres;1 703;569;2 272
5604;Forel (Lavaux);1 675;438;2 113
5806;Jorat-Mézières;2 708;501;3 209
5606;Lutry;7 900;2 943;10 843
5790;Maracon;500;65;565
5792;Montpreveyres;501;169;670
5805;Oron;4 899;1 552;6 451
5588;Paudex;989;494;1 483
5607;Puidoux;2 071;943;3 014
5590;Pully;13 099;6 451;19 550
5609;Rivaz;282;48;330
5610;St-Saphorin (Lavaux);318;75;393
5611;Savigny;2 823;775;3 598
5799;Servion;1 858;383;2 241
5621;Aclens;456;153;609
5851;Allaman;295;117;412
5422;Aubonne;2 662;1 234;3 896
5423;Ballens;462;118;580
5424;Berolle;255;45;300
5425;Bière;1 093;608;1 701
5426;Bougy-Villars;352;141;493
5622;Bremblens;522;74;596
5623;Buchillon;523;159;682
5474;La Chaux (Cossonay);364;57;421
5475;Chavannes-le-Veyron;144;16;160
5476;Chevilly;294;51;345
5628;Chigny;325;85;410
5629;Clarmont;178;54;232
5477;Cossonay;3 662;1 312;4 974
5479;Cuarnens;487;70;557
5631;Denens;593;155;748
5632;Denges;1 212;632;1 844
5481;Dizy;209;30;239
5633;Echandens;2 086;1 030;3 116
5634;Echichens;2 576;665;3 241
5482;Eclépens;900;302;1 202
5636;Etoy;2 125;888;3 013
5427;Féchy;636;270;906
5483;Ferreyres;278;30;308
5428;Gimel;1 774;679;2 453
5484;Gollion;899;192;1 091
5485;Grancy;448;93;541
5656;Hautemorges;3 641;785;4 426
5486;L'Isle;937;169;1 106
5637;Lavigny;819;289;1 108
5638;Lonay;2 120;599;2 719
5639;Lully;685;139;824
5640;Lussy-sur-Morges;609;112;721
5488;Mauraz;52;22;74
5490;Moiry;270;25;295
5431;Mollens;260;60;320
5491;Mont-la-Ville;430;74;504
5492;Montricher;774;173;947
5642;Morges;11 076;6 737;17 813
5493;Orny;429;96;525
5497;Pompaples;674;243;917
5643;Préverenges;3 578;1 658;5 236
5645;Romanel-sur-Morges;374;88;462
5435;Saint-Livres;575;133;708
5436;Saint-Oyens;370;79;449
5646;Saint-Prex;3 781;2 141;5 922
5498;La Sarraz;1 848;761;2 609
5437;Saubraz;327;114;441
5499;Senarclens;398;107;505
5649;Tolochenaz;1 307;621;1 928
5650;Vaux-sur-Morges;156;29;185
5652;Villars-sous-Yens;485;118;603
5653;Vufflens-le-Château;710;177;887
5654;Vullierens;460;117;577
5655;Yens;1 152;329;1 481
5701;Arnex-sur-Nyon;201;73;274
5702;Arzier-Le Muids;2 183;816;2 999
5703;Bassins;1 101;367;1 468
5704;Begnins;1 460;587;2 047
5705;Bogis-Bossey;669;292;961
5706;Borex;868;300;1 168
5852;Bursinel;393;142;535
5853;Bursins;620;211;831
5854;Burtigny;329;77;406
5707;Chavannes-de-Bogis;867;556;1 423
5708;Chavannes-des-Bois;665;318;983
5709;Chéserex;980;292;1 272
5710;Coinsins;412;98;510
5711;Commugny;1 866;1 102;2 968
5712;Coppet;2 052;1 181;3 233
5713;Crans;1 713;770;2 483
5714;Crassier;956;316;1 272
5715;Duillier;888;232;1 120
5855;Dully;457;180;637
5856;Essertines-sur-Rolle;574;196;770
5716;Eysins;1 259;552;1 811
5717;Founex;2 271;1 466;3 737
5718;Genolier;1 540;531;2 071
5857;Gilly;1 057;372;1 429
5719;Gingins;964;277;1 241
5720;Givrins;844;252;1 096
5721;Gland;9 126;4 852;13 978
5722;Grens;324;89;413
5429;Longirod;452;106;558
5858;Luins;453;187;640
5430;Marchissy;407;85;492
5723;Mies;1 405;789;2 194
5859;Mont-sur-Rolle;2 028;731;2 759
5724;Nyon;13 996;9 736;23 732
5860;Perroy;1 088;485;1 573
5725;Prangins;2 973;1 270;4 243
5726;La Rippe;936;282;1 218
5861;Rolle;3 878;2 726;6 604
5727;Saint-Cergue;2 079;978;3 057
5434;Saint-George;833;249;1 082
5728;Signy-Avenex;447;139;586
5729;Tannay;1 131;601;1 732
5862;Tartegnin;160;86;246
5730;Trélex;1 114;313;1 427
5731;Le Vaud;1 117;257;1 374
5732;Vich;835;339;1 174
5863;Vinzel;280;105;385
5624;Bussigny;7 165;4 973;12 138
5627;Chavannes-près-Renens;4 600;6 135;10 735
5583;Crissier;6 188;4 928;11 116
5635;Ecublens (VD);7 133;6 625;13 758
5589;Prilly;7 147;5 922;13 069
5591;Renens (VD);10 723;11 104;21 827
5648;Saint-Sulpice (VD);2 819;2 374;5 193
5651;Villars-Sainte-Croix;706;237;943
5892;Blonay - Saint-Légier;9 594;3 003;12 597
5882;Chardonne;2 549;835;3 384
5841;Château-d'Oex;2 574;1 115;3 689
5883;Corseaux;1 701;625;2 326
5884;Corsier-sur-Vevey;2 326;1 132;3 458
5885;Jongny;1 421;496;1 917
5886;Montreux;14 668;12 498;27 166
5842;Rossinière;437;67;504
5843;Rougemont;522;283;805
5889;La Tour-de-Peilz;9 086;3 967;13 053
5890;Vevey;12 190;7 989;20 179
5891;Veytaux;597;411;1 008
